"Start","End","Created By","Title"
"5/18/2025 7:00 PM","5/18/2025 9:00 PM","Oliver Li","*"
"5/19/2025 4:00 PM","5/19/2025 6:00 PM","Oliver Li",""
"5/20/2025 6:30 PM","5/20/2025 9:00 PM","Oliver Li",""
"5/21/2025 4:00 PM","5/21/2025 5:30 PM","Oliver Li","*"
"5/22/2025 8:30 PM","5/22/2025 11:30 PM","Oliver Li",""
"5/23/2025 4:30 PM","5/23/2025 7:00 PM","Oliver Li",""
"5/23/2025 1:00 PM","5/23/2025 3:30 PM","Oliver Li","*"
"5/19/2025 1:00 PM","5/19/2025 3:00 PM","Oliver Li",""
"5/22/2025 4:00 PM","5/22/2025 4:30 PM","Oliver Li","*"
